"id","type","name","file","premium","hidden","exportable"
"4","model","Bot Male","ybot_opt.fbx","!1","!0","!1"
"5","model","Bot Female","xbot_opt.fbx","!1","!0","!1"
"6","model","Mannequin Male","male_mannequin_OP_IK.fbx","!1","!0","!1"
"7","model","Anime Female","anime_female_OP_IK.fbx","!1","!0","!1"
"8","model","Realistic Muscular Male","realistic_muscular_male_OP_IK.fbx","!0","!0","!1"
"9","model","Teen Fit Female","female_teen_fit_OP_IK.fbx","!1","!0","!1"
"10","model","Teen Fit Male","male_teen_fit_OP_IK.fbx","!1","!0","!1"
"11","model","Brute Male","male_brute_OP_IK.fbx","!0","!0","!1"
"12","model","Muscular Female","female_musculer_OP_IK.fbx","!0","!0","!1"
"13","model","Stocky Female","female_stocky_OP_IK.fbx","!1","!0","!1"
"14","model","Stocky Male","male_stocky_OP_IK.fbx","!1","!0","!1"
"15","model","Skinny Female","female_skinny_OP_IK.fbx","!0","!0","!1"
"16","model","Realistic Woman","realistic_woman_OP_IK.fbx","!0","!0","!1"
"17","model","Skinny Male","male_skinny_OP_IK.fbx","!0","!0","!1"
"18","model","Anime Child Girl","anime_child_girl_OP_IK.fbx","!0","!0","!1"
"19","model","Anime Child Boy","anime_child_boy_OP_IK.fbx","!0","!0","!1"
"20","model","Bot Male","new_Y_bot_OP_IK.fbx","!1","!0","!1"
"21","model","Bot Female","new_X_bot_OP_IK.fbx","!1","!0","!1"
"22","model","Male Young Teen","male_age_10_OP_IK.fbx","!0","!0","!1"
"23","model","Anime Curvy Female","anime_big_breast_OP_IK.fbx","!0","!0","!1"
"24","model","Anime Basic Male","anime_basic_male_OP_IK.fbx","!1","!0","!1"
"25","model","Anime Basic Female","anime_basic_female_OP_IK.fbx","!1","!0","!1"
"26","model","Anime Tall Curvy Female","anime_tall_busty_female_OP_IK.fbx","!0","!0","!1"
"27","model","Anime Tall Male","anime_tall_male_OP_IK.fbx","!0","!0","!1"
"28","model","Skeleton","skeleton_OP_IK.fbx","!0","!0","!1"
"29","model","Bot Male","y_bot_fixed_OP_IK.fbx","!1","!0","!1"
"30","model","Bot Female","x_bot_fixed_OP_IK.fbx","!1","!0","!1"
"31","model","Chibi Male","chibi_male_OP_IK.fbx","!1","!0","!1"
"32","model","Zombie/Alien","zombie_alien_OP_IK.fbx","!1","!0","!1"
"33","model","Horse","horse.fbx","!0","?","!0"
"34","model","Female Mermaid","female_mermaid_IK.fbx","!0","?","!0"
"35","model","Male Mermaid","male_mermaid_IK.fbx","!0","?","!0"
"36","model","Werewolf","werewolf_IK.fbx","!0","?","!0"
"37","model","Wolf","wolf.fbx","!0","?","!0"
"38","model","Mannequin Male","male_mannequin_OP_Y_IK.fbx","!1","?","!0"
"39","model","Anime Female","anime_female_OP_Y_IK.fbx","!1","?","!0"
"40","model","Realistic Muscular Male","realistic_muscular_male_OP_Y_IK.fbx","!0","?","!0"
"41","model","Teen Fit Female","female_teen_fit_OP_Y_IK.fbx","!1","?","!0"
"42","model","Teen Fit Male","male_teen_fit_OP_Y_IK.fbx","!1","?","!0"
"43","model","Brute Male","male_brute_OP_Y_IK.fbx","!0","?","!0"
"44","model","Muscular Female","female_musculer_OP_Y_IK.fbx","!0","?","!0"
"45","model","Stocky Female","female_stocky_OP_Y_IK.fbx","!1","?","!0"
"46","model","Stocky Male","male_stocky_OP_Y_IK.fbx","!1","?","!0"
"47","model","Skinny Female","female_skinny_OP_Y_IK.fbx","!0","?","!0"
"48","model","Realistic Woman","realistic_woman_OP_Y_IK.fbx","!0","?","!0"
"49","model","Skinny Male","male_skinny_OP_Y_IK.fbx","!0","?","!0"
"50","model","Anime Child Girl","anime_child_girl_OP_Y_IK.fbx","!0","?","!0"
"51","model","Anime Child Boy","anime_child_boy_OP_Y_IK.fbx","!0","?","!0"
"52","model","Male Young Teen","male_age_10_OP_Y_IK.fbx","!0","?","!0"
"53","model","Anime Curvy Female","anime_big_breast_OP_Y_IK.fbx","!0","?","!0"
"54","model","Anime Basic Male","anime_basic_male_OP_Y_IK.fbx","!1","?","!0"
"55","model","Anime Basic Female","anime_basic_female_OP_Y_IK.fbx","!1","?","!0"
"56","model","Anime Tall Curvy Female","anime_tall_busty_female_OP_Y_IK.fbx","!0","?","!0"
"57","model","Anime Tall Male","anime_tall_male_OP_Y_IK.fbx","!0","?","!0"
"58","model","Skeleton","skeleton_OP_Y_IK.fbx","!0","?","!0"
"59","model","Bot Male","y_bot_fixed_OP_Y_IK.fbx","!1","?","!0"
"60","model","Bot Female","x_bot_fixed_OP_Y_IK.fbx","!1","?","!0"
"61","model","Chibi Male","chibi_male_OP_Y_IK.fbx","!1","?","!0"
"62","model","Zombie/Alien","zombie_alien_OP_Y_IK.fbx","!1","?","!0"
"63","model","Male Mannequin Frame","manneuin_frame_OP_Y_IK.fbx","!1","?","!0"
"64","model","Blocky Bot","blocky_bot_OP_Y_IK.fbx","!1","?","!0"
"65","model","Stick Bot","stick_bot_OP_Y_IK.fbx","!1","?","!0"
"66","model","Square Stick Bot","square_stick_bot_OP_Y_IK.fbx","!1","?","!0"
"67","model","Womannequin","womannequin_OP_Y_IK.fbx","!1","?","!0"
"68","model","Stylized Fit Male","realistic_muscular_fit_male_OP_Y_IK.fbx","!1","?","!0"
"69","model","Male Simplified Skeleton","Male_Simplified_Skeleton_OP_Y_IK.fbx","!1","?","!0"
"70","model","Female Simplified Skeleton","Female_Simplified_Skeleton_OP_Y_IK.fbx","!1","?","!0"
"71","model","Female Mannequin Frame","Female_Mannequin_Frame_v1_OP_Y_IK.fbx","!1","?","!0"
"72","model","Female Mannequin Frame Curvy","Female_Mannequin_Frame_v2_OP_Y_IK.fbx","!1","?","!0"
"73","model","Realistic Muscular Male with Face","realistic_muscular_male_face_OP_Y_IK.fbx","!0","?","!0"
"74","model","Cartoon Male 1","Cartoon_Male_1_OP_Y_IK.fbx","!0","?","!0"
"75","model","Cartoon Female 1","Cartoon_Female_1_OP_Y_IK.fbx","!0","?","!0"
"76","model","Cartoon Male 2","Cartoon_Male_2_OP_Y_IK.fbx","!0","?","!0"
"77","model","Cartoon Female 2","Cartoon_Female_2_OP_Y_IK.fbx","!1","?","!0"
"78","model","Cartoon Male 3","Cartoon_Male_4_OP_Y_IK.fbx","!1","?","!0"
"79","model","Cartoon Female 3","Cartoon_Female_4_OP_Y_IK.fbx","!1","?","!0"
"80","model","Cartoon Male 4","Cartoon_Male_3_OP_Y_IK.fbx","!1","?","!0"
"81","model","Brute Bot Male","y_bot_brute_OP_Y_IK.fbx","!1","?","!0"
"82","model","Bonnet Macaque","Bonnet_Macaque_OP_Y.fbx","!0","?","!0"
"83","model","Cat","Cat_OP_Y.fbx","!0","?","!0"
"84","model","Bear","Bear_OP_Y.fbx","!0","?","!0"
"85","model","Bull","Bull_OP_Y.fbx","!0","?","!0"
"86","model","Cow","Cow_OP_Y.fbx","!0","?","!0"
"87","model","Deer","Deer_OP_Y.fbx","!0","?","!0"
"88","model","Kangaroo","Kangaroo_OP_Y.fbx","!0","?","!0"
